00500XDO00YBMH6QTEKW9Z7GJ0004000000090DY0020VT8W5UX0S+L000F0000R00N00B00QNUVG0100000R0000WS0000M02B0P6000HK+00Z000000J00CI9070YN0080+QA5SKR00WL4FR820P46E003D0K00000U0+BT0W00Y0M00QA00HJ00U+7P00B8N00304O5E0I0M0000ZX0YF8ZG05E000000OLSXFI00C00000D0+V09B300X+R0O0028L0MG50DNA0000YF00009P0EI0J0D2M06009000P000B00XLJIG5R0F00EV0NZ000K000000X0S04E200CZ9M3A00T70U800D6000000A0FGB0W13J0RMZ000DSH0X000LQ2TY00N0TIL0ACDO079610QYU2+000G0S0B00RW400T0P0V0WBA000J0HKI010800C0Y2ZRXF00S0GS005IQ0V0000N9043UM0000OB10F000620ZY00090KM0100Z0SD602Q0BT0NCWOI00A0000R6000030NU004FZP5+1D00Y0RQM000T00O0IV00EO2RQXG80IYBLW0T00V7000PU003100000010W0Z00+F0J00EC0RAIX00P0D00V0LH3N0M00040N00Y0006CIL002J0K3XOGQ0H1050009R0070DB04C60QT+8YHEM0FN0000XL00O0000A0000T0WM5F020009J004SC000PKZ003GV80ZH0G0900TD00WAFPOX000+00000Y000NJ000VJ0L8M00PRO+000G0006A09D0I0S7004H20B2X000WEU00H000R0000QZ05000C63J70+AP00PSU9V700H2000000F3000DE00R00CMLZ0000C00Z0000WMA0OJ1BV60000+U0KQ05000R2056LMNHX00B00T24UC70000013900W0+000OK0A0040350ZRO00M0LN0U00I020G0J+6T009H03Q017+000C9000050NAWP04Z0T0M0J0000U00X0E00004UD+KW0Z9G0T0O0NVL00S8PY00IGE2AH0J0O0000F000M+700ZQ000000000K310000000Y00+00400000TRXK0MUZ36GW0VCS0M408SO070G900N000B000006WJ0C00EU0X5PP0+000T0NU4K0DA70G0O000090VLI020006000VQX0080M00ZP0O260CIJLYKN0A000000G0U0B60LCA2X3HI+0TVK0000004O0D0000080N,CL5+3XDORAYBMH6QTEKW9Z7GJF8U4NIS1PV29IDYM42KVT8W5UXAS+LP1QFJHZ3RGONC6B7EQNUVGA1LZ9I5RYOF4WSXDCTM72BEP63J8HK+1OZETBGMHJXFCI9V7PYN2683+QA5SKRDUWL4FR827P46ESN3D1KZJLIVUH+BTCW9XYGM5OQAKSHJW6U+7PQCB8N2G3R4O5EAILMV1D9ZXTYF8ZGH5EY46QJUOLSXFIW1CNRTAKD2+VP9B3M7X+R3OSV28LZMG5TDNA7BQ4YF1H6W9PKEIUJCD2MC6YH93+TPUW7BK8XLJIG5R4FOQEV1NZASWK1BQF5RXISN4E2+PCZ9M3AVYT7JU8OGD6HL479PAUFGBKW13JVRMZOE6DSH5XINCLQ2TY+8NVTILJACDOE7961HQYU2+8PKG3SMBZ5RW4FXTUPNV+WBA376JMHKIO158E4CLY2ZRXFQ9SDGSDJ5IQRVCEPTN9G43UM+KLWOB1HF8AX627ZYLG79FKMH1Y5ZVSD6X2Q3BTJNCWOIE4A8P+UR68AXC39NU2L4FZP5+1DGSYHRQMJ7KTBWOEIVHMEO2RQXG8DIYBLWAT9FV76ZSPU+N31KCJ45Y14WBZOS+FKJ7QEC8RAIX2UP6D5GV9LH3NTMEBF4+N8ZY7AV6CILDS2JPK3XOGQTH1U5RMW9R537PDBJ4C62QT+8YHEMGFNWVA9XLUSOKI1ZAQO1UTLWM5FX27BN9JHY4SCIE+PKZRD3GV86ZH6GK9I3TD1SWAFPOXVR7+BU854Y2MCNJLEQVJCL8MKQPRO+E3ZGU5T6A19DFINS7WY4H2XB2XISYWEU9NHGKVRM148QZO5LDBC63J7F+APT+PSU9V7TJH2YAGQI6F3K5BDEX8R4OCMLZ1NWICYTZGNPFWMAHOJ1BV68L9X+UEKQD547SR2356LMNHXESBG8T24UC7JZFRQ139YPWI+VADOKBAWD4835KZROPXMELNCUYVIS27G1J+6TQF9HO3QK17+ILVC98RYS5DNAWP24Z6THMFJXEGBUJFXRE261Q4UD+KW3Z9GHTMO7NVLBAS8PY5CIGE2AH5JDO6VLSFC9WM+7NUZQPRX8YBTI4K3179NFDIPY51+EL48JHQBTRXK2MUZ36GWAVCSOM4K8SOZ7IG9Q1N3YRBFDHAV6WJ+CT2EULX5PPY+ZRCTFNU4KXDA7EG5O3W189SVLIH2BMQ6J3TVQX1S8WMBRZPUO264CIJLYKNEA57H+F9GDUWB6JLCA2X3HI+5TVKPSEGM94O1DFQZY78RN
PV00WE08GKAHU0XZCJ3QI0002TYS000400F6HX00ST0000008B6O0AG00M09J00+0FIP100U00000F0ST0030YHK0LA+0EZ0C0UDPM0QJ00O06Z900QF002M00000G00K000A0L80500000B0YG00UV06D0100000SNH050TEI000008XK0CN01I0KRY000J05M00F0V8P0X000B00700Z0WR07000DZC+EWN100000000000P0030GFYQU0L0CM010XI5HG0904000000R0FVWJSE00000000F503L400Y0OR0UH0D00+QI0Z00XCN06001Y0IPE0J0R0S0+70M0041500V0HD0800Z3000600S00000010Z2W530B0J00HU4+GN009AM0I+N0V0B2PM0Q0D00000Y0003U0600R00H0C5K4QS09N00LA06TH0P7EC0DZ+00JV0200000000000V0XDE430000L9U2J0QN0+W00G0CO07MT3PA070WQ0J0Y00B00000EU00HNC0400VDR980IUHT00C01023GQ0Z00L0X7R0YE0F00004+008D00000VF0P0MJ0000Y0G00X1570LZB0N2Q0G0000+N7R0UY000OCIPWT8A0D00M0000X3000M6408G00ZL0PO900J00000B0S1HDKX00N00003000E000F0UNQ000K98D0G0R200H05ATZ00W0LO0A00VS000+260000005U0KC3EJF0P0TF01J0Y0PXDBH0L0006300ENZ00W00000I8SU0V00C0902+00IFRE40ZPA01L00000O000D0AZB2NIMW00J00D0000OCVSU09000040600707MN8+Q002600L000T90G10YE0000000000J0F000B0N1XSO900Y0+0080H027L0Z0JDEG0A09L0G0XU0D0BE6F03QM070NV+10000P00T00000000PG0H00I0A0NS1TRUD03KE290O0ML000J20400PM0000I00H00000600V030AU5W98ZRZW0000F0500R70V00000OCMP80GH00U0+0BXDU0N30OL1VCZ400S800T00W000005AQ00G00040W8J6HA0F0501Y0000Z000007MKQL00E00OH0EKL0I0300002FA000X09D0080+GS0MY00IT00Y0050M00W000N00S2J0700PU1R+DVO0A57R0M00US00+C0D00300G4L0006F0I000W0010000A020W00RO7I0QF0Y05K00Z0LSX0U30N,PVL+WE58GKAHUNXZCJ3QI7BO2TYS91M4RDF6HX3QSTZ7WEL48B6ORAGDCM29JKN+VFIP15YU2B875FISTNX31YHK4LA+6EZWCRUDPM9QJVGOC6Z9D4QFOP2ME3IWVGRUKY1JAXL875T+NHSBMYGJRUVB6D912Q+7PSNHF54TEIO3ZWA8XKLCNO1IAKRY+CUJ95MTDFLV8PSX6G4BQH732ZEWRJ7TXHDZC+EWN1KVLIM6S9A8OPB532GFYQU4LACMU13XI5HGQ9T46YP2NKRZFVWJSEB78+ODG9F523L48BYAOREUHPDW7+QIMZKTXCNS6JV1YKIPEWJ6RUSN+7CMFB415OGVQHDA892Z3TXL6DOSQ8KVF71TZ2W53XBEJLCHU4+GNYP9AMRI+N4VZB2PM9QODSAJG8YXTF3UI61LR7WHEC5K4QSX9NBOLA86TH5P7ECMDZ+F3JVR2K1YIUWGB1YRV5XDE43KF8SL9U2JHQN6+WAIGZCOP7MT3PAL7MWQZJGYK+BXI215EUOSHNC64TFVDR98WIUHT6SC91M23GQDZNVLBX7RPYEOF8JAK4+5E8DOC+HTVFIPAMJ6WR9Y3GK4X157ULZBSN2QKGJZF2+N7R5UYV41OCIPWT8ASD9QMB6LHX3EQEM6478GUTZLVPO9YWJI+RF5BAS1HDKXC2N3XS+3PYCE4O6FJUNQB7WK98DLGMR2IVH15ATZ8RWDLO1ANIVSMXZ+2674QBHG5UTKC3EJF9PYTF91JGYRPXDBHCLA5K63M2ENZ7QWO+VU4I8SU5VKHC7932+QSIFRE4XZPAT1L8JY6NOGWBDMAZB2NIMWKHJ5GD381TOCVSUY9FXPE4R6QL7+7MN8+QAK264VLZUBT95G1WYERSFCDX3IOPJHF3KUBRN1XSO9PWYC+5Q84HI27LMZTJDEG6AV9LHGOXUJD8BE6FR3QMZ7ANV+15I4WPYCTSK2VC5Y6PG+HZWIXA8NS1TRUDJ3KE29BO4MLFQ7J2T41DPMYQ7CIEGHKOSFL6XBV+3NAU5W98ZRZWEAISF35LTR74V2JDK9OCMP8QGHY6UN+1BXDU2N39OL1VCZ4JPS8+ETRIWMYBHX5AQK7G6FS4XW8J6HAGFD5T1YUV+OZ3PCN27MKQLRBEI9OHPEKLTIQ3R7B62FAZUNX19DWC8V+GS5MY4JITQFYZE5BMKXWL9GNH8S2J6743PU1R+DVOCA57RBMV9USYN+CKDEX3HAG4LQTO6FJI82ZW1P1+6CGA42JWP8RO7IMQFBYV5KD9ZELSXTU3HN
0HIYWQ0Z+1F0PD0C8OX0000490G500S0AB0010800003L000URSB0FCE0PDM00V000H0X09030LPZ40W050S00N7060F000BH0000X1ORMJ802+000C080000MG5V9H0030SYQ70ZFW004U05R7NA00OP40T1XY0JI00000KU0MLS0000Z0000X00006A00000H000O0207QPJE1000LFI00I7W4QL000956X0300V80R00O01ZPT0000N2AC510FG38U7JO40AY00Q0Z00000000H0W0STM80O00M00QR005G6K1HL00D000U0+9E000000000000Y2SZL0C0U00BI9TAXF080000JE003Q00JH000040008I2FR0SME70N0600DA000G0C0PU00A01000X70ZN0JKW0000RC0BQ20H00+42A0X0+T000C0G0100P0Y00H0J00MO35040ZBKT0BY00000U13+0H5700Q000N0000CXASWVE4Q0FL0M50XY70000020090OZ0T00A8P1000008063HO000NKET000X7P00002G+DBW0000L00C00000000PFVK0SA8WXBNI00000E0G00O090W5Z00E000Q8IBJ0F0UA30200H900P0000C60002TO009FI0NV08G000S0BA4+0R0UE07000009+00R0XT0BY6PLHA0JMWF0S03E00Q5U0000000P30CD04Z250QSM0000+00I6K00V000X070NWM000E002T00XC000VZ80000900YSI6O160E1000+O0300000B0D0HCN9M0A20040008Z0DYS001J600UFW4EOZ02X0005V080Q039A0TZ030R20F0S009001400NWL0X0000I00Y8T0000000I0003000U0GD5A0FVY7Q9S0NO0BL+4000600UPEWNT0H0FRQ300DS000L0005070X00O0Q0SV6IKJ900Y00N+E0C0000000XGDU0H00+00GX02700000000L0MRU938E0H4VB001F00T0C0N9V00Q0L0Z0O7K000000WP00M100GE0I0000V0800LX06FT+3N0H0MRW0S50G002C01PW00095J00000008000GD0X4C0Y100+I607A0FU000P00M0D4000000N+A00002I06LOXV0HWSJ0L16QK0H+P09MVI0350O0000FX0080B0G00K0M0XF02W0IB050PS9006000ZCO040000QNH+08CNG0TO09Q7RW04100F0L0000000050SY,UHIYWQNZ+1FMPDEC8OXTJRL493G52KSVAB67168KJT73LY2QURSBZFCENPDMOWVA4IHGX59+3VLPZ4KWG5ESAQN726YFIU9BHDTC+X1ORMJ8E2+ODBCX8IRJLMG5V9H163ASYQ7NZFWPT4UK5R7NAF9OP4HT1XY3JIV8G+WKUBMLS62CQZEDM9XCGSB6AUVD+4HTKWOZ257QPJE18RNLFIY3I7W4QLDGC956XE3M+V8URHJOF1ZPTSBKYN2AC51EFG38U7JO4LAY9DQBZ26+INXVKHRWPSTM8SOT2MABQRWN5G6K1HLC4DPY3UJ+9E7IZVFXRNDV+KY2SZLHCOUPWBI9TAXF784G5MJE613QX3JHBZ+T4PKV8I2FRQSME71NL6YWDAU9OG5CYPU96AI1FEMX7SZNTJKW5GV3RCOBQ2LHD8+42ASXI+TDV6CWGN19UPFYLKHEJ7RMO3584QZBKTPBYDZ9J2U13+OH57RGQ8M6N4LIFCXASWVE4QGFLEM5BXY7RCWD62+S9JOZVTKUA8P1N3IH98V63HOSIANKETQZMX7P14C52G+DBWFRJYLUJCMRU14H3+PFVKLSA8WXBNID65QZEYGT2O79NW5ZO7ELRGQ8IBJ4FYUA3T2VXH9S1PMD+KC6QXZ2TOLP9FI5NVD8G163SYBA4+WRHUEM7CKJVI9+K8RNXT7BY6PLHA4JMWF1SO3ECZQ5U2DGABFUP3WCD84Z259QSMT7OE+G1I6KYJVNHRXL74NWMJHQEKA2T3+XCR5LVZ8UGFB9PDYSI6O16GE15RS+OV3YKJ7IBUDQHCN9MXA2LT4FWP8ZLDYSHC1J6MGUFW4EOZP2XIKR5VN87Q+39ABTZM35R2UFHSBG9AV14EJNWLQX+KD6I7CY8TPOPEHJ8IXM13ZRWUCGD5AKFVY7Q9STNO6BL+42B16A4UPEWNT+H8FRQ3ZODSGICL2YJ597KXMVOLQ7SV6IKJ9AMYB2N+E4C1TPZR8FXGDU3HW5+YKGXW275DOCJPI6LTMRU938EAH4VBZQ1FNSTFCDN9V4YQ8LSZXO7K26+B5HWPU3M1AJGERIDO4IVY8UZLXE6FT+3NBH7MRWAS5QG9K2CJ1PWZTQ95JVNBS3O28UELGDPX4CKY1HR+I6M7AFFUB3EP5RMCD4Z1KJYGN+AQST82I76LOXV9HWSJAL16QK7H+PD9MVIC35YOZ2TEFXWN84BUGRGKRM7XFY2W1IBH5APS9V86UJDZCO34T+ELQNH+28CNGATO69Q7RWX41IKFELBMPJUV3Z5DSY
RH0ABZ05000040S0Q8000010NE0000000MP080V47C0WA0F0+00500Q0KJNX0B00300D0000J0ISQN0H08O06FU900000T0L0G0+025VB0E00002000PS0013VJDX000E000FIO0H0U46GC7E000600GIMB00000009F+7C2TJD0YVSQ1K8010000FX60U90E00G0NDI0VMA7C00000R30TJAWLV03Z09T00080Q00R00D00C0UHNJ000Y0O0I0X00GL01PS00002O600W8T0F00E+000A0H080000I0C4U010TAHM00XO00V00206J3E5GKM00U000EV0070G000J00IC00S1W8DA+0LN0F00Y64508OW000+0ENC00BS0U00000I009T71PQ0E01000N03Z4XUI620Y5G000000000DS00D600+0OJ000R7PB1800000QE0Z0UF50040MC00S0008YQPTK0L00O00G000ND0270HFE00+UYPJ5E0B0000F000IW+01900000NQVCKH000S7ZR8U0MI0005YC4000W0P0H+00000XABN009H0009X00607+M200R0KUDY0I000JO4L00Z08N0Q0000000W00X5SJDC74A2B8Y9M0K1O00000000AL0T2006U00051IN000F0H+0J0YX0RKP000002000000W0EYDA03C009004VP8MN5FU0+DB1FY0XUO0000R0S00EG00K0Q000W89V600C03RT90NHE+00000V00B0008O0LDIFW000S000000K00W0V9NJIZP0520006000R100+0O000000063BKI1Q80F0T0UJR0WDM50G000C07000V00Z0Q07KE00N8000XTM0DS00564G2FAB000M00O0600J0X07W00TGQUEZV0KSF20IP00005900C0000GHWXK130PL070OYJ00000DZM0N6IY0+KTUFPLM800000EA06000X07O01V0J0032EUWJ0000B30000L00HP0KR4Q0M0000TO000G00NXHR00+ZVISOC09F00000L0P0W07K0000V0OG00JC06002T04ZY0A0X000800RM000I3ES0KY2U+00HQ0P0000014JNI7W0A00000090M91MC0IW0T3G00000UR0K20P00O000B00+JHX00H00090BYI05O3V+S000600ZT1PC000U02000N000710Z0A0IMX000S0LY03VQEK0CW0800B+ZF08SU0000L0HW7Q000090500000O0KDYR,RHDABZV5+7CJ4YSTQ836OU1GNEKW9LXIFMP28GV47CEWARFT+M251IQHKJNXUB6S3P9DZLOYJXISQNKH38OD6FU9C7PYZT4L1GR+M25VBWEATL92M+NPSQY13VJDXK8REB5WFIOAHZU46GC7EU536P4GIMBZORAHLW9F+7C2TJDXYVSQ1K8N1KWOYFX6LU92EZPGBNDISVMA7C845QHR3+TJAWLVG3ZM9T6BS87QK5R+FDE1C4UHNJP2IYXOKI7XNJGLR1PS9DVB2O6M3W8TYFZ5E+4UCAQHF8+9SDIQC4UY1WTAHMNZXO7PVRB2L6J3E5GKMOTUHB2EV5X7RGYP3J49ICKQS1W8DA+6LNZFZ2Y645D8OWKHF+LENCJVBSAUGPX3QIRM9T71PQCER1F+JNA3Z4XUI62LY5GH9MTK7OB8DSWVD62K+WOJG9NR7PB18HSXL3QEAZIUF5TY4VMC4CSI1M8YQPTKAL96OVZG5RJNDW27BHFEX3+UYPJ5EOB4XALFGUZIW+T1986MR3NQVCKH72DS7ZR8UVMID2S5YC4KE3WOPFH+6LG1TXABNQJ9HTAB9X136C7+M2QNRFKUDYVIPSEJO4LGWZ58NFQL3GHZEVWUTX5SJDC74A2B8Y9M+K1ORP6IW4E7ALCT2D86U3GO51INVMSFBH+ZJ9YXQRKPQJXHI2L7ZSRGWBEYDAO3C1+9K64VP8MN5FUT+DB1FY5XUOJ4CHRMSL7EGPTK2Q3NAW89V6IZC53RT9PNHE+MKQ67V2YBAZX8OULDIFWJG1S4USGM8KYAWFV9NJIZPX52Q4L6E7CR1T3+HOBDONPZV63BKI1Q89F+T4UJRHWDM5YGXSEC27AL3V1PZRQO7KECHN8JYUXTM+DSI9564G2FABLWLM8DOA69NJ5XB7WR4TGQUEZVHKSF23IPYC1+59FQCST24GHWXK13APL87IOYJ+VBURDZMEN6IY4+KTUFPLM8Q5D2GEAW69BCXN7OZ1VSJHR32EUWJ7AS1B3IV6+LFZHPNKR4QDMC8YGTOX95GB6NXHRDY+ZVISOCM9F5123JLAPTWE7K8U4QV7OGLQJCF6DP2TK4ZYBAWXU5+8H9RMN1SI3ES3KY2U+R8HQOPECF6B14JNI7WXALGDZ5T9VM91MC5IWVT3GLDAN8UREK2QPZ4OFYSB67+JHXXAHJWE9KBYIN5O3V+SMD86FRZT1PC7QLU42G6RNTD4715Z2AJIMX9G+SHLYO3VQEKUCWP8FBB+ZFP8SUMX4EL1HW7QVCTG9352JI6NOAKDYR
I000GBYCL0000F00P0VW0000J8092DZ00MK0CF6NMXD000U0I5O000S0020E0Y000Q9J000000Z0003P0KM0WC0UE056L000RF00000B0TD+00VH00W970T00R00NK0300D0X000LS500E0001T0RYF000000X9M0JQ+80000K04NWS0000700000S50B0J00Z07109P000F000060VOHC420009O0000000FPRLIQ0X0MU70ND0GZ6000240CAJ008V10OBS00YG00L0+000400U0PX0Z0H0VEK0RTGXJ6Y+70A40090P000C20Q00000000S07ZH00F000000N00280D060XOB90LCQ0M38U0WPQ00S0500009H6000E0A01V07L+000IFX00G009NIQ2000ZO0U00T4H00EASW601008V0G000I0A0Y0VH00W006000J4S2+DR008O0CTLJ1080000S0UT0A06ZW000C0NB0GOVRF03H0690T0D0H0B8KJ07S0XZYUA0+0000302000NGKR+0W00D00PTL0N002OH07XSZI0YE0000000A00X0E03020+M0KG0RT0D0001U080PI6YJZ0SQ0000NJ6GEXV000YOR00003L5W0AKB000U00K0L70XY800G000I200A+0F0V031ZUWN900000S0080T907300G0J00K0010B6IOP00200000W0UF020050N040KA00ZHXQ9000C08D3I0700ID090VBK0H6N000WEL7JO2T0A0+00001000000600+EC00S00Y0B000MNVW070205HQPF002+CZEMLQ000ADVP0750000800000FNU0GBSX7XRF0+00VDQ000060LJ0SBOI200N1E0H00P000L0000009W5YKVFMG00QT6CO0J0X000N+0090WQH0S00XA4Z0I20N000000G0CK000D35FU0000D00IGN1C00WH0400X03U0+Y000000A6E10NC0000OH0800+0000520L0A00USI00K7RQE0B5K20000001U0X0DH000+060QZV4000OLMP00B000004X060M500C01U0H0L9I0OY0TV00T8XVICP5QAB700D00W00K000F00001004000Q0O0U60K01N0AE0CF000WV0DTS4P07000H08HD7S00000R00BLT00V00N0AO00EQ001G+W0Z+N0030M02TVWU040O0X0Z9PYKHB50A0S0000Z00000H+0LC0K0100S00I002W0GX00FPMNBD,I53+GBYCLESQ4F6TPAVWOH7XJ8192DZRUMKNCF6NMXDZ4+URI5OVLHSTA2KE7YP3BQ9J81GWO7Z8Q93PNKM2WCSUEY56LJ41RFHVIGABXTD+J4VH2PW976T18RB+NKU3CGDMXOZALS5YFEQIU1TERYFOAVGH2X9MDJQ+8IZBCK54NWSL6P37WLKDAS5XB8JIGZQ7139PYRNFMTUE6+VOHC42YT59O1CWH3+EFPRLIQKXVMU78NDJGZ6ABS24DCAJ6N8V17OBS23YGTILR+WQ54KFUMPXEZ9HFVEKLRTGXJ6Y+78A4M19BPSZIC2HQ3N5DUWO4SI7ZHARFUKPEWJNV1285DY6+XOB9TLCQGM38U2WPQ4MSZ5DCBX9H6NO3EGAY1VR7L+TJKIFXBMG+39NIQ2L5DZOKUFCT4HJPEASW671RY8V5GUMBI7AZYLVH3EWQP6NF1J4S2+DR9K8OXCTLJ1Y87I4MS9UT+AD6ZW2EQCKNBXGOVRF53HP69PTVDOHRB8KJ17S5XZYUAI+4QFM3C2EWLNGKR+3WF1D5CPTL8NBU2OHG7XSZI6YEJ4MAQV9AO4XNEQ3W2F+M9KGCRTVD5BL1U78HPI6YJZSSQH2CZNJ6GEXVIF4YORMP893L5WTAKB+7DU1BKQL7OXY8MDGR6HI2CEA+SFPVJ31ZUWN94T5NHSAX8UT9W73QMGZJFDK4C15B6IOPYE2VR+LVWYUFT21P5RNO4LKA+BZHXQ9EGSCM8D3I67JGIDP95VBKFH6NSU3WEL7JO2TQAR+4XMZ18YCR3J614+ECIZSXTY8B9GUMNVWD7L2K5HQPFOA2+CZEMLQJO4ADVP175YI638RH9TWFNUKGBSX7XRF4+KUVDQM3A56TLJGSBOI2W8N1ECHZ9PY3PLISUZ2E9W5YKVFMGADQT6CORJ7XH84N+1B96WQHVSL+XA4ZOI2RNM17YE8GPCKTBJD35FUMZ8ODJBIGN1C7QWHS4PRXK3U9+YL5FTV2A6E1YNCTG6FOH38PJ+E9B452ZLVADMUSIXWK7RQEAB5K2R7TPYJ1UCX8DHF9W+N63QZV4GISOLMP2GBJWESD4XF6NM5Z8CQ1URH3L9I+OY7TVAKT8XVICP5QAB79HDJ+W3SKLMGFZN6Y1OU42ERQMORU6GKY1NZAE2CFI+BWV5DTS4PJ739LHX8HD7SYKJ63RI9BLTPXV84NFAOUMEQC21G+W5Z+NF13LM82TVWUG4RO7XEZ9PYKHB5DAQSCIJ6ZE945AH+ULCOKY1Q3S7JI6T2WVGX8RFPMNBD
MAO4050D00U09E00060WYJ100V7X0F0R0000FI08LR0N00J070O1HYV6BZQK000E00XC0900000S0+800G720FMAJD0N0U000I00O9QV04000007E0090OL0Z0500U000C0XJR2W1NY0TIBH00YC0016QT0HR800B20000O0ALPZDMKNJS000QVP000ZSRK00000IN0907L0UH00GY1F000000K0Q0SJ0HNR01CZ0VU0W0007TM285000B0F009YV0QK0608M0EJ0030+14Z0N0PLCWSO705P0J2B7L0000FNQ+S0TE00V050Z000W00100800TM60500E0I0B900000GSC0HUYOX1VZRNL0000NW0GP20AMOU7000DKL80IS0000Q000J03OS0R50Z00903LPDF00M0000Q0J0BK6E00G+UJP0000008F00V4T0M06Z0Q00RCAL0B730K1098GQ2I0000H00WY000L0E0VT0003Z0R0000M0T0000R0L010A0S+QCO7K00UV0006GH0F0021LHB73+0000O00XR000P9000W0KQ00I0A08GC50A00M0P7INJ00000030000D0X0FE00W6Z4R000UO050QEA0ZPB100D008G00009000Y+J004N0900HC0T00000L7Z000DF6QU02O0B+0W0001G0A0Q000EHN00O000I0900XB0Y0M0UD306C000W2+F0500T1EZ0007NUY00IS00800000L0000E0140608000XQWVCRSA00N0070K000000Z0S20LG0VY5JI00M000O0090000000XRHCD0UOI000Z09000B0F0XH860EC3T0+0000QV00W000LXV6A00C5N9E800U000Y0RG00+0POS0G6+0H090W00000007LY0D000XEOUB2000M0ZZF000BEI082S0Y0X+A00H060000V0007N100T2R0AQB00NG0I00O0W0C1000Z0L0P0005H905900007R0DY1B00P00KOQI3N000F00LU0E0V0O0000005000300U00BERPZ7080CMK0G0WQX0KL3Z60O0000WX0VU0I400E9Q+00S00000MYWBE00XAG030K000080FT002JLM6H0009V0D000M00JVE0P000+0500HL00X0T0G10A0WQ0060+0000009J00F6QNSZ000050OP804U0X00E0007501Y0N+0B0L00A000Z000K0W0004HG0CJ0000P40W0205T30IKJ0B00NR00000VF180A+,MAO4N5CDBIU+9ELKT6SWYJ1H8V7XQFZR32GPFI28LRPNA5JW7GO1HYV6BZQK34SET+XCM9UDHZWS1+8YEG72XFMAJDRNPUT3BICKO9QV645L3D67EKF9MOLVZS5QPUA84CGXJR2W1NY+TIBHXUYCG916QT3HR8V4B25IFEO+ALPZDMKNJS7WBQVPJT4ZSRKX+C3WIN29M7LDUH56GY1FE8OAAEKLQDSJ+HNRG1CZ3VUXW9YO7TM2856I4BPFIX9YVUQKT6B8MAEJRH3F+14ZGNDPLCWSO725PGJ2B7LUYCOFNQ+S4TER6VH5IZ39AWDM1XK8+3TM6F547EDI2B98WKJAGSCPHUYOX1VZRNLQ41CNWZGP2VAMOU765XDKL8BISFE+RQ9THJY3OS8R5HZX19W3LPDFYIM2NT7Q4JVBK6EACG+UJPDW+YU28FXGV4THME6Z5QISRCALNB739K1O98GQ2IDSK4H6UWY7NFLJEAVT1O+3ZPR5BCXMET4ZXMR3LY19AIS+QCO7KBWUV5J86GHDFPN21LHB73+TJZCO62XRD5NP9YFMWSKQU4IEAV8GC5SAKVMBP7INJO8L9G+32HR1DYXTFEUQW6Z4RNF6UOW5VQEAKZPB13CDX48G27HM9ITLY+JSK4NX98IHCMTPSVAGL7Z1J3DF6QUR2O5B+YWEVJ1GTAKQRS8EHNWCO+P5I29LFXB4YZM6UD376CBH3W2+FX5JPT1EZRGQ7NUYMKISVD8OLA49LM5+YEO14B6D89U3XQWVCRSAPGNJH72KZFITQ7ZFS23LGUVY5JID6M4+TOKB9W1AE8NPXRHCDRUOIPNAZW97YKB2F4XH86MEC3T5+LGJSQV17W3KDLXV6AZQC5N9E8TMUFJ2Y1RGIH+4POSBG6+1HN9CWKP4QRJT7LYSD5AVXEOUB238IMFZZFPUMBEIO82S4YKX+A9GHL6W5DQVJ3C7N1TRT2REAQBM3NGUIDFOVW8C1X+4Z6L7PSJY5H9K59XJ8C7RHDY1BMZPGSKOQI3N+A4FWTLU2E6VYOIV4SJF5L+T3H6U21BERPZ7N89CMKAGDWQX8KL3Z6TOD1RCWXHVUBI4AGE9Q+FNSJP275MYWBEICXAGU3QK174Y8PFTS+2JLM6H5RO9VZDNNYM9FJVEIP4ZD+25COHL3KX8TBG17ASWQUR62+ATRGH79JMLF6QNSZ1YVW5COP8D4UBXK3EISV75O1Y8N+FBELRMA9QUZDP6K2WI3X4HGTCJUHQDP46WX2S5T3GIKJ7BOMNRE9ZYCVF18LA+
GH0080PKS50W0000ZI61B0DXA0T00000000000WM00Z00H900Y0EUQIRJKCS001000G060PN02BENQ6000000KD+HO0000008VJZI900000W7JZ9LA0E0NU80000P0Y0V00005G004M0R00H0FY+0R00V000000800ZEU0A00COB0MQ0LK2J0000003FG00AS2NVRBQT00W00YP00+0O40056CFJ00IVLASQ800B070001+HY900PN000000+ML00V0020000I00D0SWN6504000GUHCT100O00400R0TF0000GM0E90ZV0U0I0X0AJ00P6000000000U00000PQ12KLD40BH0CFSO8ZGX5A0DAS00O0B00M0Z06XJ000000L2V+3190I000WQIG30N01X0Y+0H095P80OJ0T06000S0DM005U400D0M0E6BPSY00000T0ZQ0OL070010F000L00K0070Z1H0XR0000JY8BWQ3+0500PC4ISSY1CPO40F002NLE0A07VK5U0R0X0000W00J80T007W0800YR6C9K2ZX04IF10000BH0N0A000BR020GS00V0QO050000A00094K1F8Y+0ZE00008F0000LWI01000+ESM0H0CJ20A05G090KKZ0009Y0A070DPI0000H00QE0L500BCJ0+V6Y00TA6000B00FGOSJ81PL005Z0Q000XI00W0UOEVJNQ1R00K000L00FBG0YIPH0W00000004300000U00WO5704001000M0T000060ES0NHY0W00000I0+0DR0K00N0000402GUCYETB071Q1+0Q00MHP280903Y00WD0SVZ000K0XF00000000IOTHGNCQV1FS7Y00AEB00000020000R0Z00J0E104WKR0GV2HOA0000005BF0U6000070B7M6D00000000000L0+2WTP001R9HS0KF8CE09KPY0S6I150000000HQ0Z00W+ADV00000UL0000G0200P07Z0WR3XMY8JKC0000001A0H0+R00L000B00TU00J0005N0X0GK784C0260YSO00000L0U0V30Y000KSJG19X7+0BR0000Z04000T0Q70O00KEH+XA0V0ZRN0006080G009U0P408D5+1W00Z6TE7P00000000000NOC0V20AXN0O10M005000C30000V0I+060090ZL07BQT0Z00YRK02400X09610G00000P000E0TOFSL+DE0V00F0RHQPNB40000OU0Y0LS00A0I00W080,GH3O8UPKS52WMJF4ZI61B7DXANTQLR+EYV9CD4WMV5ZT+H9OAYLEUQIRJKCS7F13X2G86BPNT2BENQ6Y7RCLXKD+HO45PFGM8VJZI9AU1S3W7JZ9LABEQNU8WT1CP6YOV23+D5GSK4MXRIFHPFY+SRDXV4I13758G9ZEUHAN6COBWMQTLK2JX1CK6I3FGJMAS2NVRBQT9LW8UYPHE+7O4DZ56CFJZ2IVLASQ8WTB47GMX1+HY9D5PNUREOK3+MLRXVKP27E9OIA3DYSWN65F48ZJGUHCT1QBOK5418RDTFHCLNGMSE93ZV2UBIWXQAJY+P679EN7TYW+U6J3VRPQ12KLD4IBHMCFSO8ZGX5AHDASUPO5B8GMKZC6XJT7QERYL2V+3194IWNFWQIG3BNZ1X4Y+UHF95P8COJATE67RKS2DMLV5U4A+DCMKE6BPSYJ83R9TGZQNOLI7WV1HFX2ML9NKEA7OZ1HUXRGTF2JY8BWQ3+65VDPC4ISSY1CPO4QF9+2NLEIAH7VK5U3RZXGTDBWM6J8VTG37W58JDYR6C9K2ZX+4IF1ESMPBHLNQAOUIBRH2JGSXUVPQOM57WL6ACND94K1F8Y+3ZETQX68FZTN3LWI41VDB+ESMPHOCJ2UAY5G79RKKZXF49Y3AS7GDPIWMUNH2RQE1L5T8BCJO+V6YRHTA6VCEBN4FGOSJ81PLU75ZDQM+3XIK2W9UOEVJNQ1RTXK25+L6CFBGAYIPHSW97ZD83M438D2BGULZWO57A4XQ1CK+M9TJRIV6FESPNHYLWP5MS9I6+FDRHKZVN8XO34J2GUCYETBA71Q1+7QICMHP28J9B3YETWD6SVZOANK4XFLU5GR85+IOTHGNCQV1FS7YKUAEB64MX3L2PW9JRDZCNJZE184WKR+GV2HOA3ISDL95BFYU6PQXT7MB7M6D3XJYOAZ5QUNL4+2WTPVG1R9HSIKF8CE29KPYXS6I15FE8BTCMHQ7ZORW+ADVJ43NGULFVSUG429DPL7Z6WR3XMY8JKCITEONQ1A5HB+RAQLWHEBM3TUIDJ9+P5NFX1GK784CZ26VYSOA62WCLFU8V3TYMQOKSJG19X7+PBRD5NHZE4IJITBQ7LOCMKEH+XAWVDZRNS2F6481G359UYP4S8D5+1W9GZ6TE7PILBFHQMK3UYNOCRV2JAXNPO1HMJA5YDSC38UFRV4I+E6XW92ZLK7BQTGZ3UYRK724IBXJ961NGAC5W8PVQHEMTOFSL+DEGVX9F+RHQPNB4Z25DOU3YTLSK7AJI6MWC81
C0Z0R0B07W0002SEP0G0009K0A0D00Y0T0FU91VXI0F00KDY000ZO0200M+C0000006G70P000S000U0000G0I0YRV085ZT0040BF+00N03D70PD004M06000N+J000000000WE90X0QV00LE38002000000T0X50U7FBNV60000000HK01W05K000A2LC8V064F000HY0W00SPQGU+000O0O07WXB0R40Q008D0006003S0YNHJM9000+0P000F30KSO060XP2+90BM0080Z0G000J0L0DR10DQ00+J00Z00000U0TON000L00K0000EGAX8RNA4+0I1000005G00009W00B0TP0000QC07P00000E5M8XN0K0IY0007UDQ600O00TZH04FKJY0TL09000000BSH00EFG2047500D300O010ZG0BP00000I0061KF0S0C5000009YN700VE00H0Y0ZV0A000000J40I0LKF0100CO20+0W300E4Q0R0000700PND0H200Z0GF800SAXIK090000200OE105009M0YU0003R0T000K0F00LH0D00032+0408C570LW0V60O0JI00P00MZT000TI8WCND0Y0U00000Z10Q07P0MA4050R000BY00E000000H0V0C0NQD0P80MI02+6TF50R0O000090XEFBIR000000A0OQ0V0CD080Z0JWTMU00+AO30P0V0000000FJ0S0E000ZB70008C0R005006WJ000KM8X+A000003P0S01HE0B0N000000I0TD0+0L300GOWYUR60A0MEV0X00H20S63T7N0C2010H90040L00I0B000XJ0P000006C03+M00VQPTD40000SL200Y0000A05010H80S0R00M00070+009BGV48D0I00N0200WXLQY0YT00000ZRL00J00IK0G000XDPWM4V0O20+00L1050I0SJW0Z006E0070H00X+0Y00B4030N0I00JD080+B1W0Y002Z6A000O5R7H0G00ME00K90000000203TAHVMQ+050N00I60L00CD70000SPU1GTO0+000000M0J7F0N60WYAD305R0J00107D4RM000H0U0B80C9L05G000P0SOE000F0I0Q0080C6S+Z7095000H0R2XT000NUYJ0L40K8TP00F00NGR02X00D0Q0H0J0I000W1002N000W00500HPLM00D0BS0Y09OK000QVAFX+00006Z0LQ2NSJF00030WIVR01B00+0HP0480,C+ZORHBX7W53M2SEP8GQL49KVA1DN6YJTIFU91VXI4FQNKDYBAWZOL2UEM+C8H3RTJ6G7SP5WQS6LAU1HEOG9IKYRVP85ZTJ247BF+MCNX3D7UPDFY4MI6TZGN+JCH3R1OASKWE95X8QV2BLE38MG29P+SRJTDX5QU7FBNV6CZYLOI4HKA1WT5KBNJA2LC8V764F31IHYXWDMSPQGU+ER9OZOE7WXBGR4TQF18DVZC6AK3SLYNHJM9U25+IPIHUF35KSO76WXP2+9TBMV184ZQGAECJYLNDR1MDQC6+JYHZBF734URTONPI5L8VKS2W9EGAX8RNA4+LI1D32EO5GM6YZ9WJHBXTPUFVKQCS7PG2VS9E5M8XNAKLIYJRC7UDQ63+OW1TZHB4FKJYZTLV9UPACQWBSHNXEFG2+475IRD38MO61AZGLBPTHW3MIOR61KFJSXC58+DQ29YN74UVE5XH9YRZVBASP8EGTJ4NIMLKF716UCO2D+QW3MOE4Q1R6CLJ7UBPND+H2TYZWGF8V3SAXIK59+76J2SQOE1G5IV9MAYUD4B3RWTZNXKCF8PLHNDFUK32+X498C57QLWEV6AOGJIBHPR1MZTYSVTI8WCNDKYFU2XH3SZ19Q+7PEMA4L5OR6JGBYWJE1XS7AGHLVZCBNQDKP84MI92+6TF53RUO4PLH9KXEFBIR6YU27SA1OQNV3CD58GZ+JWTMU2M+AO3YPNVKR1IWT5FJHSXEQL4ZB796D8CGRVQ5DG6WJU4OKM8X+A9TZ2C3PYSF1HELB7NIF8BCZI5TD9+QL3JPGOWYUR67AKMEVNX1SH24S63T7N8C2Z1MH9FD4EL5+IGBUROXJWPAYVKQ6CW3+MOKVQPTD4NRX7SL2JEYFU9GAB5I1ZH8ZSARHFMU657E+CO9BGV48DPITJN123KWXLQYQYT7UEHNZRL95J18IKCG3FBXDPWM4VSO26+AGL125VIASJWDZUQ6EPO7RHMTX+CYK8B4F39NXI4NJDC83+B1WSYLF2Z6AKU9O5R7HQGTPMEVBK9PO8YFGX243TAHVMQ+W51NSEI6ZLRUCD7JHBCSPU1GTOE+4QVK8IMXJ7FZN6LWYAD395R2JA+1V7D4RMKXYHTUWB8NC9L25GF3QPISOEZ63FOIMQWB8VC6S+Z7195PGEHAR2XTD4LNUYJKL45K8TPZ9FYANGRO2X+3D6QUHVJSIE7BW1MC2NRGEWJ35IUHPLMC6D4BSTY19OK87ZQVAFX+D9XY6Z7LQ2NSJFEA53KWIVRO1BUC+MHPG48T
XUGN090S000CQ738O002LI0000004Y000RB00000DB8FJUAE0000000Z040Y2P00IH70060K+0020SWK0Q000RVE1F0000G00700UNDTO0Z80000Y0200000I5X0AZ07WTEC3OR61+9400ULR0ZMLWX0P9040000U038DVBK00000020+5I1J06P3V0700000D0YBL5O+NF00800AK00W00000H594080000X00TJG0IN0000ZKY000O7M3A00100Z0000N00LYV28060D0H00O00CJBKP09W00K0T5P04HD00I0Q0Z0GOR0B62S000U0000008GP6090BT0D00S00Q34A000007005YZ0L000D7S0AIFWZ100E00B0LC0000T0XH0480000NB00X30U006010O05W90S200G00+FQ0V0000B600C0FX000YUZKMLS0000000093270Q00+0T3004D0B00PZ0E0100OCYLK9F000000080W60A00Q0DOLN0MT00063040807UIW00S10X0RJ0008001W00000C0Q00000G0AZ00T+4O7NSPBLSYJFUI00H020000800E00TW00MCDRK000000ER0OK3T000500F00AHQ0SNV0J00X1Y000CMDV9A0E00+0M0WF0G340P008I01J00OT0SC076HXW00T0C0000000D50MQB90K2GPNL0J00FIKF000P00NX0U0T02Y00D10V+9W4070060B05M00O000QGD0FLXA7I6JT0Z05H300B0000000CG0RBQ00K0S0000N0020F0U60A0D0M0H04O0I000T00VRJ0P0+QC0HNY00AG0X0F00W3080202J0I000D0K070L00Q6003Z0P4A190B0G0HTPRSYN0004V0O001K00T000M2000HJ0+X035001000000HY00VO0400E+U00JQGLM6ZS000K00TF0W000029J00ND008A5X00E00000QZ1U7C0QVX000Z5S30HB+JGIC000000F00O00000DW0L+0H000T8UQ5W60F0K900ORIS003002JE0POXLCU8+0AT0HR0W000D0K50400Y00600BN00AJ0E10O000500320CX008000N0FW00RS9T00VK53Z2G000YN9AT00D006E0Q70S000X0000000N000C0U0EIO840K+00P00000HAZ03WL7G00P000000W0FKS1U00E+00MCTL00000004I0090T060000740N0HL00G03U10D0BQ0J0KAV0+,XUGNE9VSZ5+CQ738OKA2LI61WDTJ4YPFMRBH15OTDB8FJUAECS9+WMXZR4QY2PVLIH7G36NK+IC2ASWK3QL64RVE1FMH9JGPX75BUNDTOYZ8H8KQYF2NBMDGI5XPAZS7WTEC3OR61+94VJULR7ZMLWXYP9O46NJHUT38DVBKCEQGSF2A+5I1J46P3VH71IRT2DGYBL5O+NFUM8Z9AKECWXQSQ+H594L8ER2SX6CTJGUIN1WBVZKYPDFO7M3AFM1IRZQ+XGN3ALYV2876TD5H4UOEWCJBKPS9WYEKVT5PM4HDF9I3Q7ZJGOR8B62SLANUC+1X2C8GP6K9OBTVDHMS+UQ34AXFJN17RI5YZWLEUOD7SJAIFWZ1PKERNBVLC+YM5T3XH9482Q6GNBALX3JUYC6714OZ5W9KS2PEGM8+FQIVHDTRB6W1CNFXVE8YUZKMLSP5JRIDOH9327AQTG+4T3M+4DUBSAPZJE71XROCYLK9FQN5VGHI82W6GAPVQHDOLNCMT25963B4Z8+7UIWKYS1EXFRJ59I82X1W6KJRYCDQHVFUMG3AZLET+4O7NSPBLSYJFUI47HQ2+GPO8N1EX6TWABMCDRK95ZV37ERZOK3T9+G5BIFW4AHQ2SNV6JP8X1YDULCMDV9A5EZ2+6MLWFBG34RPHK8IY1JUQOTNSCX76HXW+YTACO78EVSUD54MQB93K2GPNLZJR1FIKF3SJPEHNXIUMTR2YOLD1CV+9W4Z78G6QBA5MN2O814QGDWFLXA7I6JTEZS5H3CRBVU+PK9YCG7RBQY5K3S98JZNP12XFWU6+AIDTMLHE4OVIZU4TLBVRJ1PK+QC9HNYO7AGSX6F5EW3D8M282JUICNEDFK+7YLXRQ6WV3ZSP4A195BMGOHTPRSYNA7L4VBOZU1KE9TGIQM28CDHJW+X635F31B975PCHYXWVO84T2E+UFDJQGLM6ZSRIAKN4TF6WORGI29J3MNDSP8A5XHLEY+VKBQZ1U7CEQVXKM6Z5S3AHB+JGIC17P4NRFU2OT8LY9DWZL+DHGM1T8UQ5W6AFCK9BYORIS7N3XV2JE4POXLCU8+3ATVHRQWF7JDSK52419YIG6MPBNEZAJ4E1+ODQL5BG326CXIV8H7ZNKFWMPRS9TYUVK53Z2GR8PYN9ATIMDWB6ELQ7+S4CUX1FHJOSDNBMRC6U1EIO845K+YFP9JXTVHAZ23WL7GQYPQHG79JWZFKS1UBVE+NAMCTLRXO83654I2D9WTF6ISM274XNPHLZYGR3U1OD5BQEJCKAV8+
00807005000000000YVRZ3MKA00O0WTIJEP0SI000D0X030+8VERQM07HP00050000L0A00001N000Z2GQJ9HP60U000Y+0000SM000000000GR+Z5O700UH0200K04X6000010N0000000Y0K300P040800I0B00JS00U00T0V09YHDX710X0E0F9010PL00300000NAI800Z0G0705R2K4000000C8W0HU400G00Z00A0XJEF0B070DSRLZRT0EGYN0B00509F3006U0010Q007000P000500000G00000SB70AX0V3NWT0R000029IU0KU007K0A940M00D0Y+0Q000205000OV0FCZG0F00WO17DJ0000ULER200G00M40Z8AK0XH00NIM2A6YF00050000Q00ESDK070N0LU000T0VW300E0W0LC000YS00000000P0Q0A2T0UHZ9JF08700RKA9J02+400V01O05Z000WHPG000X0IMOI61H00S000J00000W009E00KLZ0BYT4P3200ZG0X8P04Y07N200H00I6JS00030FAE0MC000UP9Q0060003W8AIE0FT04L005Y+0R00000K004000OE5FRQ000000DC7GH00090U10VL000000W000F02000V00LAGN005XT0UYO0J0H0E0+0LY050007M0JQDG00IPFK680B0H0000TN0AJPU0F+R000O00TIHB0Z0000V0C0K000Y490EC0VXK30Z0GD90F+0PM0000WR0005A02007U0700D0X000B40A0U5K008000W90QFLI0GOMC00098000I0PS00R000JCQHY0000040DL0VZ560QDA0000E08000JFVCH0Z5BLXK0000S000R0X03J000Y0002ZNL0070000DF46CWQ019A0M000000R0TZ0X00+7W0Y0000PDUJBSMCQ0F8000KH42S03D0BXG0C89T0006000000R0U05EPGT9SP000U0KA0M50BR2000I008+000000D0Z00MR0+0I214000D000K0LEAFH000000W0BYXD0X000000F0300K0CTREM1UINA90005V0YLJ8UJ0VE000G000000O30Y0BLN+SHK0TQ000009P5ZS7L00RAQB0JM0D000CV0000000+NU1000Q00R0000KWP0+X8S6000DFA0M0J000C0009Y0A00O000H00000000600J0Z17E038FPSWITT0F00MDE0V00W04Z008Q0S9O6YU00CBK7G00,268Q7UB5NCSFL9G14YVRZ3MKAHXODWTIJEP+SIWYBD6XK3T+8VERQMO7HP19254FCJLZANUG41NTLAZ2GQJ9HP6XU75WY+DEKBSMRI8O3CFVVGR+Z5O7DIUHF2ASKC4X6LTJP18NE39MWQBYCK3OMPW4A8REI5BNZJS2FUQGTLV+9YHDX716XHEJF9V1MPLYD3WOT+BNAI8CUZQG67S5R2K4P3+NQVC8W2HU4KIGM1Z95AOXJEFTB67YDSRLZRTXEGYN+BVK5C9F3WL6U4H1IQ2S7DM8PJOA54D8HJGZPOELSB76AXFV3NWTCRY1M+29IUQKULS7KBA946MITDHY+NQPJ82R5W3XOVEFCZG1F9CWO17DJSQTVULER2IBGY+M4PZ8AK3XH65NIM2A6YF3RX51POZQJ8ESDKC79NGLUH4BT+VW35BENWILC7DVYSOK1GX+RMP8Q6A2T4UHZ9JFL87FCRKA9J32+4MTVU1OB5ZYEDWHPGN6QXSIMOI61HN+SUXGJRC5DFWAV9EQ7KLZ8BYT4P32+DZGTX8PQ4YW7N29LHUKI6JSOVR31FAE5MCBJVUP9QHB6M1Z3W8AIENFT24LSC5Y+XRGOKD7KAY42STOE5FRQ6PBXZ3DC7GHMIN9JU1+VLW8QS4MWI1CF926Z8V37LAGNRB5XTDUYOPJKH+ER+OLY35UVW7MCJQDG49IPFK682BEHZXA1TNSAJPU5F+RLN8OM1TIHBDZEX72VGC6KSW3Y49QECHVXK3QZTGD9YF+NPML4OSWRJ1I5A62B87UN762DZXJHYB4EASU5K+18T3VW9PQFLIRGOMC1BG98TEKIAPS6XRW2OJCQHYU3+M74NDLFVZ56YQDANMW7E98UT3JFVCHOZ5BLXKP21GS+I4RBXV3J8PHY+O52ZNLEI7USGRDF46CWQK19ATMOE15ILRGTZ6XKH+7WAY49VNPDUJBSMCQ2F83WFKH42SV3DNBXGYC89TM1Q6+ZO7AIRJUL5EPGT9SPCQFULKA1M54BR2JXWI3Y8+VNEO76DHZ7ZMRU+JI214COQDP6SK8LEAFH3T5G9VWNBYXDWXB+62SOFZ3G7KHCTREM1UINA94QP5V8YLJ8UJCVE965GI7AF12O3PYWBLN+SHKZTQ4MRXD9P5ZS7LT8RAQBEJMYDH3KCV4GFIWX2+NU16OHQLIR4UY1KWPN+X8S6GT7DFABMOJV5ZCE329Y2AKGO4MBHCNRLUV9Q65+JXZ17ED38FPSWITTNF13MDEXV+JWI4ZP58Q2S9O6YURLCBK7GAH
